k_mesh,total_energy_Ry
6,-1524.77613544
8,-1524.77570736
10,-1524.77566594
12,-1524.77573522
14,-1524.77568926
16,-1524.77571378
18,-1524.77570265
20,-1524.77570709
